Number of payments,Monthly installment,Interest,Principal,Balance
0,0,0,0,11702.949999999997
1,86.1764518183,72.74942086079142,13.4270309575,11689.522969
2,86.1764518183,72.6659539806,13.5104978377,11676.0124712
3,86.1764518183,72.5819682425,13.5944835758,11662.4179876
4,86.1764518183,72.4974604212,13.6789913971,11648.7389962
5,86.1764518183,72.4124272713,13.764024547,11634.9749717
6,86.1764518183,72.3268655271,13.8495862912,11621.1253854
7,86.1764518183,72.2407719026,13.9356799157,11607.1897055
8,86.1764518183,72.1541430917,14.0223087266,11593.1673968
9,86.1764518183,72.0669757673,14.109476051,11579.0579207
10,86.1764518183,71.9792665819,14.1971852364,11564.8607355
11,86.1764518183,71.8910121671,14.2854396512,11550.5752958
12,86.1764518183,71.8022091335,14.3742426848,11536.2010531
13,86.1764518183,71.7128540709,14.4635977474,11521.7374554
14,86.1764518183,71.6229435475,14.5535082708,11507.1839471
15,86.1764518183,71.5324741104,14.6439777079,11492.5399694
16,86.1764518183,71.4414422854,14.7350095329,11477.8049599
17,86.1764518183,71.3498445762,14.8266072421,11462.9783526
18,86.1764518183,71.2576774654,14.9187743529,11448.0595783
19,86.1764518183,71.1649374132,15.0115144051,11433.0480639
20,86.1764518183,71.071620858,15.1048309603,11417.9432329
21,86.1764518183,70.9777242162,15.1987276021,11402.7445053
22,86.1764518183,70.8832438816,15.2932079367,11387.4512974
23,86.1764518183,70.788176226,15.3882755923,11372.0630218
24,86.1764518183,70.6925175983,15.48393422,11356.5790876
25,86.1764518183,70.5962643248,15.5801874935,11340.9989001
26,86.1764518183,70.499412709,15.6770391093,11325.321861
27,86.1764518183,70.4019590314,15.7744927869,11309.5473682
28,86.1764518183,70.3038995494,15.8725522689,11293.6748159
29,86.1764518183,70.2052304972,15.9712213211,11277.7035946
30,86.1764518183,70.1059480853,16.070503733,11261.6330908
31,86.1764518183,70.0060485011,16.1704033172,11245.4626875
32,86.1764518183,69.9055279079,16.2709239104,11229.1917636
33,86.1764518183,69.8043824453,16.372069373,11212.8196942
34,86.1764518183,69.7026082289,16.4738435894,11196.3458507
35,86.1764518183,69.6002013503,16.576250468,11179.7696002
36,86.1764518183,69.4971578765,16.6792939418,11163.0903062
37,86.1764518183,69.3934738503,16.782977968,11146.3073283
38,86.1764518183,69.2891452897,16.8873065286,11129.4200217
39,86.1764518183,69.1841681882,16.9922836301,11112.4277381
40,86.1764518183,69.0785385143,17.097913304,11095.3298248
41,86.1764518183,68.9722522112,17.2041996071,11078.1256252
42,86.1764518183,68.8653051971,17.3111466212,11060.8144786
43,86.1764518183,68.757693365,17.4187584533,11043.3957201
44,86.1764518183,68.649412582,17.5270392363,11025.8686809
45,86.1764518183,68.5404586897,17.6359931286,11008.2326878
46,86.1764518183,68.4308275038,17.7456243145,10990.4870635
47,86.1764518183,68.3205148141,17.8559370042,10972.6311264
48,86.1764518183,68.2095163842,17.9669354341,10954.664191
49,86.1764518183,68.0978279511,18.0786238672,10936.5855671
50,86.1764518183,67.9854452257,18.1910065926,10918.3945606
51,86.1764518183,67.872363892,18.3040879263,10900.0904726
52,86.1764518183,67.7585796072,18.4178722111,10881.6726004
53,86.1764518183,67.6440880015,18.5323638168,10863.1402366
54,86.1764518183,67.528884678,18.6475671403,10844.4926695
55,86.1764518183,67.4129652124,18.7634866059,10825.7291829
56,86.1764518183,67.2963251529,18.8801266654,10806.8490562
57,86.1764518183,67.1789600201,18.9974917982,10787.8515644
58,86.1764518183,67.0608653067,19.1155865116,10768.7359779
59,86.1764518183,66.9420364774,19.2344153409,10749.5015625
60,86.1764518183,66.8224689687,19.3539828496,10730.1475797
61,86.1764518183,66.7021581886,19.4742936297,10710.6732861
62,86.1764518183,66.5810995168,19.5953523015,10691.0779338
63,86.1764518183,66.4592883041,19.7171635142,10671.3607702
64,86.1764518183,66.3367198725,19.8397319458,10651.5210383
65,86.1764518183,66.2133895148,19.9630623035,10631.557976
66,86.1764518183,66.0892924948,20.0871593235,10611.4708167
67,86.1764518183,65.9644240464,20.2120277719,10591.2587889
68,86.1764518183,65.8387793744,20.3376724439,10570.9211165
69,86.1764518183,65.7123536533,20.464098165,10550.4570183
70,86.1764518183,65.5851420281,20.5913097902,10529.8657085
71,86.1764518183,65.4571396131,20.7193122052,10509.1463963
72,86.1764518183,65.3283414927,20.8481103256,10488.298286
73,86.1764518183,65.1987427204,20.9777090979,10467.3205769
74,86.1764518183,65.0683383191,21.1081134992,10446.2124634
75,86.1764518183,64.9371232808,21.2393285375,10424.9731348
76,86.1764518183,64.8050925663,21.371359252,10403.6017756
77,86.1764518183,64.672241105,21.5042107133,10382.0975649
78,86.1764518183,64.538563795,21.6378880233,10360.4596768
79,86.1764518183,64.4040555024,21.7723963159,10338.6872805
80,86.1764518183,64.2687110617,21.9077407566,10316.7795398
81,86.1764518183,64.132525275,22.0439265433,10294.7356132
82,86.1764518183,63.9954929123,22.180958906,10272.5546543
83,86.1764518183,63.8576087109,22.3188431074,10250.2358112
84,86.1764518183,63.7188673755,22.4575844428,10227.7782268
85,86.1764518183,63.579263578,22.5971882403,10205.1810385
86,86.1764518183,63.438791957,22.7376598613,10182.4433787
87,86.1764518183,63.2974471177,22.8790047006,10159.564374
88,86.1764518183,63.155223632,23.0212281863,10136.5431458
89,86.1764518183,63.0121160379,23.1643357804,10113.37881
90,86.1764518183,62.8681188396,23.3083329787,10090.070477
91,86.1764518183,62.7232265068,23.4532253115,10066.6172517
92,86.1764518183,62.5774334753,23.599018343,10043.0182334
93,86.1764518183,62.4307341458,23.7457176725,10019.2725157
94,86.1764518183,62.2831228847,23.8933289336,9995.37918677
95,86.1764518183,62.134594023,24.0418577953,9971.33732897
96,86.1764518183,61.9851418566,24.1913099617,9947.14601901
97,86.1764518183,61.8347606459,24.3416911724,9922.80432784
98,86.1764518183,61.6834446157,24.4930072026,9898.31132063
99,86.1764518183,61.5311879548,24.6452638635,9873.66605677
100,86.1764518183,61.377984816,24.7984670023,9848.86758977
101,86.1764518183,61.2238293157,24.9526225026,9823.91496726
102,86.1764518183,61.0687155336,25.1077362847,9798.80723098
103,86.1764518183,60.9126375128,25.2638143055,9773.54341667
104,86.1764518183,60.7555892592,25.4208625591,9748.12255412
105,86.1764518183,60.5975647415,25.5788870768,9722.54366704
106,86.1764518183,60.438557891,25.7378939273,9696.80577311
107,86.1764518183,60.2785626012,25.8978892171,9670.90788389
108,86.1764518183,60.1175727275,26.0588790908,9644.8490048
109,86.1764518183,59.9555820874,26.2208697309,9618.62813507
110,86.1764518183,59.7925844596,26.3838673587,9592.24426771
111,86.1764518183,59.6285735846,26.5478782337,9565.69638948
112,86.1764518183,59.4635431635,26.7129086548,9538.98348083
113,86.1764518183,59.2974868585,26.8789649598,9512.10451587
114,86.1764518183,59.1303982924,27.0460535259,9485.05846234
115,86.1764518183,58.9622710484,27.2141807699,9457.84428157
116,86.1764518183,58.7930986696,27.3833531487,9430.46092842
117,86.1764518183,58.6228746592,27.5535771591,9402.90735126
118,86.1764518183,58.4515924798,27.7248593385,9375.18249192
119,86.1764518183,58.2792455536,27.8972062647,9347.28528566
120,86.1764518183,58.1058272617,28.0706245566,9319.2146611
121,86.1764518183,57.9313309441,28.2451208742,9290.96954023
122,86.1764518183,57.7557498995,28.4207019188,9262.54883831
123,86.1764518183,57.5790773849,28.5973744334,9233.95146388
124,86.1764518183,57.4013066153,28.775145203,9205.17631867
125,86.1764518183,57.2224307636,28.9540210547,9176.22229762
126,86.1764518183,57.0424429602,29.1340088581,9147.08828876
127,86.1764518183,56.861336293,29.3151155253,9117.77317324
128,86.1764518183,56.6791038066,29.4973480117,9088.27582522
129,86.1764518183,56.4957385025,29.6807133158,9058.59511191
130,86.1764518183,56.3112333389,29.8652184794,9028.72989343
131,86.1764518183,56.12558123,30.0508705883,8998.67902284
132,86.1764518183,55.9387750459,30.2376767724,8968.44134607
133,86.1764518183,55.7508076126,30.4256442057,8938.01570186
134,86.1764518183,55.5616717114,30.6147801069,8907.40092175
135,86.1764518183,55.3713600787,30.8050917396,8876.59583002
136,86.1764518183,55.1798654056,30.9965864127,8845.5992436
137,86.1764518183,54.9871803382,31.1892714801,8814.40997212
138,86.1764518183,54.7932974764,31.3831543419,8783.02681778
139,86.1764518183,54.5982093744,31.5782424439,8751.44857534
140,86.1764518183,54.40190854,31.7745432783,8719.67403206
141,86.1764518183,54.2043874345,31.9720643838,8687.70196767
142,86.1764518183,54.0056384723,32.170813346,8655.53115433
143,86.1764518183,53.8056540206,32.3707977977,8623.16035653
144,86.1764518183,53.6044263991,32.5720254192,8590.58833111
145,86.1764518183,53.40194788,32.7745039383,8557.81382717
146,86.1764518183,53.1982106872,32.9782411311,8524.83558604
147,86.1764518183,52.9932069964,33.1832448219,8491.65234122
148,86.1764518183,52.7869289346,33.3895228837,8458.26281834
149,86.1764518183,52.5793685799,33.5970832384,8424.6657351
150,86.1764518183,52.3705179612,33.8059338571,8390.85980124
151,86.1764518183,52.1603690578,34.0160827606,8356.84371848
152,86.1764518183,51.948913799,34.2275380193,8322.61618046
153,86.1764518183,51.7361440641,34.4403077542,8288.17587271
154,86.1764518183,51.522051682,34.6544001363,8253.52147257
155,86.1764518183,51.3066284306,34.8698233877,8218.65164918
156,86.1764518183,51.0898660367,35.0865857816,8183.5650634
157,86.1764518183,50.8717561759,35.3046956424,8148.26036776
158,86.1764518183,50.6522904718,35.5241613465,8112.73620641
159,86.1764518183,50.4314604961,35.7449913222,8076.99121509
160,86.1764518183,50.209257768,35.9671940503,8041.02402104
161,86.1764518183,49.9856737539,36.1907780644,8004.83324298
162,86.1764518183,49.7606998674,36.4157519509,7968.41749103
163,86.1764518183,49.5343274686,36.6421243497,7931.77536668
164,86.1764518183,49.3065478639,36.8699039544,7894.90546272
165,86.1764518183,49.0773523055,37.0990995128,7857.80636321
166,86.1764518183,48.8467319915,37.3297198268,7820.47664338
167,86.1764518183,48.614678065,37.5617737533,7782.91486963
168,86.1764518183,48.3811816144,37.7952702039,7745.11959942
169,86.1764518183,48.1462336723,38.030218146,7707.08938128
170,86.1764518183,47.9098252159,38.2666266024,7668.82275468
171,86.1764518183,47.671947166,38.5045046523,7630.31825002
172,86.1764518183,47.4325903873,38.743861431,7591.57438859
173,86.1764518183,47.1917456873,38.984706131,7552.58968246
174,86.1764518183,46.9494038168,39.2270480015,7513.36263446
175,86.1764518183,46.7055554688,39.4708963495,7473.89173811
176,86.1764518183,46.4601912786,39.7162605397,7434.17547757
177,86.1764518183,46.2133018231,39.9631499952,7394.21232758
178,86.1764518183,45.9648776208,40.2115741975,7354.00075338
179,86.1764518183,45.7149091313,40.461542687,7313.53921069
180,86.1764518183,45.4633867547,40.7130650636,7272.82614563
181,86.1764518183,45.2103008315,40.9661509868,7231.85999464
182,86.1764518183,44.9556416422,41.2208101761,7190.63918446
183,86.1764518183,44.6993994069,41.4770524114,7149.16213205
184,86.1764518183,44.4415642848,41.7348875335,7107.42724452
185,86.1764518183,44.182126374,41.9943254443,7065.43291908
186,86.1764518183,43.9210757111,42.2553761072,7023.17754297
187,86.1764518183,43.6584022707,42.5180495476,6980.65949342
188,86.1764518183,43.3940959649,42.7823558534,6937.87713757
189,86.1764518183,43.1281466435,43.0483051748,6894.82883239
190,86.1764518183,42.8605440928,43.3159077255,6851.51292467
191,86.1764518183,42.5912780359,43.5851737824,6807.92775088
192,86.1764518183,42.3203381317,43.8561136866,6764.0716372
193,86.1764518183,42.0477139753,44.128737843,6719.94289935
194,86.1764518183,41.7733950966,44.4030567217,6675.53984263
195,86.1764518183,41.4973709607,44.6790808576,6630.86076178
196,86.1764518183,41.2196309672,44.9568208511,6585.90394092
197,86.1764518183,40.9401644497,45.2362873686,6540.66765356
198,86.1764518183,40.6589606757,45.5174911426,6495.15016241
199,86.1764518183,40.3760088456,45.8004429727,6449.34971944
200,86.1764518183,40.091298093,46.0851537253,6403.26456572
201,86.1764518183,39.804817484,46.3716343343,6356.89293138
202,86.1764518183,39.5165560164,46.6598958019,6310.23303558
203,86.1764518183,39.2265026199,46.9499491984,6263.28308638
204,86.1764518183,38.9346461551,47.2418056632,6216.04128072
205,86.1764518183,38.6409754138,47.5354764045,6168.50580431
206,86.1764518183,38.3454791177,47.8309727006,6120.67483161
207,86.1764518183,38.0481459185,48.1283058998,6072.54652571
208,86.1764518183,37.7489643975,48.4274874208,6024.11903829
209,86.1764518183,37.4479230649,48.7285287534,5975.39050954
210,86.1764518183,37.1450103594,49.0314414589,5926.35906808
211,86.1764518183,36.8402146481,49.3362371702,5877.02283091
212,86.1764518183,36.5335242255,49.6429275928,5827.37990332
213,86.1764518183,36.2249273134,49.9515245049,5777.42837881
214,86.1764518183,35.9144120605,50.2620397578,5727.16633905
215,86.1764518183,35.6019665417,50.5744852766,5676.59185378
216,86.1764518183,35.287578758,50.8888730603,5625.70298072
217,86.1764518183,34.9712366354,51.2052151829,5574.49776553
218,86.1764518183,34.6529280252,51.5235237931,5522.97424174
219,86.1764518183,34.332640703,51.8438111153,5471.13043063
220,86.1764518183,34.0103623686,52.1660894497,5418.96434118
221,86.1764518183,33.6860806451,52.4903711732,5366.47397
222,86.1764518183,33.3597830788,52.8166687395,5313.65730126
223,86.1764518183,33.0314571386,53.1449946797,5260.51230658
224,86.1764518183,32.7010902153,53.475361603,5207.03694498
225,86.1764518183,32.3686696216,53.8077821967,5153.22916278
226,86.1764518183,32.0341825912,54.1422692271,5099.08689356
227,86.1764518183,31.6976162784,54.4788355399,5044.60805802
228,86.1764518183,31.3589577577,54.8174940606,4989.79056396
229,86.1764518183,31.0181940233,55.158257795,4934.63230616
230,86.1764518183,30.6753119884,55.5011398299,4879.13116633
231,86.1764518183,30.3302984849,55.8461533334,4823.285013
232,86.1764518183,29.9831402631,56.1933115552,4767.09170144
233,86.1764518183,29.6338239906,56.5426278277,4710.54907361
234,86.1764518183,29.2823362521,56.8941155662,4653.65495805
235,86.1764518183,28.9286635493,57.247788269,4596.40716978
236,86.1764518183,28.5727922995,57.6036595188,4538.80351026
237,86.1764518183,28.214708836,57.9617429823,4480.84176728
238,86.1764518183,27.8543994068,58.3220524115,4422.51971487
239,86.1764518183,27.4918501747,58.6846016436,4363.83511322
240,86.1764518183,27.1270472162,59.0494046021,4304.78570862
241,86.1764518183,26.7599765215,59.4164752968,4245.36923332
242,86.1764518183,26.3906239935,59.7858278248,4185.5834055
243,86.1764518183,26.0189754476,60.1574763707,4125.42592913
244,86.1764518183,25.645016611,60.5314352073,4064.89449392
245,86.1764518183,25.2687331223,60.9077186961,4003.98677523
246,86.1764518183,24.8901105304,61.2863412879,3942.70043394
247,86.1764518183,24.5091342949,61.6673175234,3881.03311641
248,86.1764518183,24.1257897847,62.0506620336,3818.98245438
249,86.1764518183,23.7400622778,62.4363895405,3756.54606484
250,86.1764518183,23.3519369607,62.8245148576,3693.72154998
251,86.1764518183,22.9613989278,63.2150528905,3630.50649709
252,86.1764518183,22.5684331809,63.6080186374,3566.89847845
253,86.1764518183,22.1730246286,64.0034271897,3502.89505127
254,86.1764518183,21.7751580854,64.4012937329,3438.49375753
255,86.1764518183,21.3748182718,64.8016335465,3373.69212399
256,86.1764518183,20.971989813,65.2044620053,3308.48766198
257,86.1764518183,20.5666572389,65.6097945794,3242.8778674
258,86.1764518183,20.158804983,66.0176468353,3176.86022057
259,86.1764518183,19.7484173821,66.4280344362,3110.43218613
260,86.1764518183,19.3354786757,66.8409731426,3043.59121299
261,86.1764518183,18.9199730053,67.256478813,2976.33473417
262,86.1764518183,18.5018844137,67.6745674046,2908.66016677
263,86.1764518183,18.0811968447,68.0952549736,2840.5649118
264,86.1764518183,17.6578941421,68.5185576762,2772.04635412
265,86.1764518183,17.2319600495,68.9444917688,2703.10186235
266,86.1764518183,16.8033782092,69.3730736091,2633.72878874
267,86.1764518183,16.372132162,69.8043196563,2563.92446909
268,86.1764518183,15.9382053462,70.2382464721,2493.68622261
269,86.1764518183,15.5015810974,70.6748707209,2423.01135189
270,86.1764518183,15.0622426473,71.114209171,2351.89714272
271,86.1764518183,14.6201731236,71.5562786947,2280.34086403
272,86.1764518183,14.1753555491,72.0010962692,2208.33976776
273,86.1764518183,13.7277728409,72.4486789774,2135.89108878
274,86.1764518183,13.27740781,72.8990440083,2062.99204477
275,86.1764518183,12.8242431607,73.3522086576,1989.63983611
276,86.1764518183,12.3682614895,73.8081903288,1915.83164579
277,86.1764518183,11.909445285,74.2670065333,1841.56463925
278,86.1764518183,11.4477769266,74.7286748917,1766.83596436
279,86.1764518183,10.9832386845,75.1932131338,1691.64275123
280,86.1764518183,10.5158127186,75.6606390997,1615.98211213
281,86.1764518183,10.0454810777,76.1309707406,1539.85114139
282,86.1764518183,9.57222569931,76.604226119,1463.24691527
283,86.1764518183,9.0960284084,77.0804234099,1386.16649186
284,86.1764518183,8.6168709171,77.5595809012,1308.60691096
285,86.1764518183,8.13473482383,78.0417169945,1230.56519396
286,86.1764518183,7.6496016126,78.5268502057,1152.03834376
287,86.1764518183,7.16145265234,79.014999166,1073.02334459
288,86.1764518183,6.67026919615,79.5061826222,993.517161968
289,86.1764518183,6.17603238059,80.0004194377,913.51674253
290,86.1764518183,5.67872322498,80.4977285933,833.019013937
291,86.1764518183,5.17832263061,80.9981291877,752.020884749
292,86.1764518183,4.6748113801,81.5016404382,670.519244311
293,86.1764518183,4.16817013656,82.0082816817,588.510962629
294,86.1764518183,3.65837944292,82.5180723754,505.992890254
295,86.1764518183,3.14541972115,83.0310320971,422.961858157
296,86.1764518183,2.62927127153,83.5471805468,339.41467761
297,86.1764518183,2.10991427185,84.0665375464,255.348140064
298,86.1764518183,1.58732877672,84.5891230416,170.759017022
299,86.1764518183,1.06149471673,85.1149571016,85.6440599206
300,86.1764518183,0.532391897717,85.6440599206,-2.18705054067e-11
